
################################################################################
# do not edit manually this file, it will be rewritten [k]
################################################################################
@agrimaster.it								@agrimaster.eu
@antibay.it									@antiebay.it
@azetapet.eu								@azetapet.com
@azetapet.it								@azetapet.com
@azetapet.net								@azetapet.com
@azetapet.org								@azetapet.com
@bagnolocalcioa5.it							@bagnolocalcioa5.com
@barbaterre.com								@barbaterre.it
@cander.rete.us								@rete.us
@chiaracasa.it								@chiaracasa.com
@cuoredipelle.it							@cuoredipelle.com
@cuoredipelle.net							@cuoredipelle.com
@dermo28.asia								@dermo28.com
@dermo28.cn									@dermo28.com
@dermo28.co.uk								@dermo28.com
@dermo28.it									@dermo28.com
@dermo28.tw									@dermo28.com
@ferval.it									@ferval.com
@fginvest.lu								@fgi.lu
@finegoldinvest.lu							@fgi.lu
@fondazioneluciodalla.com					@fondazioneluciodalla.it
@fotomaretti.net							@fotomaretti.com
@gavazzaeassociati.it						@gavazzaassociati.it
@italmedia.com								@italmedia.net
@marplast.org								@marplast.it
@mpintralogistic.com						@mpintralogistic.it
@mpintralogistic.eu							@mpintralogistic.it
@olcomponents.com							@olmark.com
@olmark.eu									@olmark.com
@olmark.info								@olmark.com
@olmark.it									@olmark.com
@olmark.net									@olmark.com
@olmark.org									@olmark.com
@otap.info									@olmark.com
@studiovernelli.com							@vernelli.net
@studiovernelli.eu							@vernelli.net
@studiovernelli.info						@vernelli.net
@studiovernelli.it							@vernelli.net
@studiovernelli.net							@vernelli.net
@studiovernelli.org							@vernelli.net
@tuttestetica.it							@tuttestetica.com
@vernelli.consulting						@vernelli.net
@vernelli.eu								@vernelli.net
@vernelli.info								@vernelli.net
@vernelli.org								@vernelli.net
@vernelliconsulting.com						@vernelli.net
@vernelliconsulting.eu						@vernelli.net
@vernelliconsulting.info					@vernelli.net
@vernelliconsulting.it						@vernelli.net
@vernelliconsulting.net						@vernelli.net
@vernelliconsulting.org						@vernelli.net
@villabruna.eu								@villabruna.net

a.castaldini@agrimaster.eu					a.castaldini@agrimaster.eu
a.castaldini@agrimaster.it					a.castaldini@agrimaster.eu
a.fabbri@agrimaster.eu						a.fabbri@agrimaster.eu
a.fabbri@agrimaster.it						a.fabbri@agrimaster.eu
a.ferraro@mpintralogistic.com				a.ferraro@mpintralogistic.it
a.ferraro@mpintralogistic.eu				a.ferraro@mpintralogistic.it
a.ferraro@mpintralogistic.it				a.ferraro@mpintralogistic.it
a.mongardi@agrimaster.eu					a.mongardi@agrimaster.eu
a.mongardi@agrimaster.it					a.mongardi@agrimaster.eu
a.pacchiarini@whyg.biz						a.pacchiarini@whyg.biz
a.pecorari@marplast.it						a.pecorari@marplast.it
a.pecorari@marplast.org						a.pecorari@marplast.it
a.salvatore@whyg.biz						a.salvatore@whyg.biz
a.squarzoni@agrimaster.eu					a.squarzoni@agrimaster.eu
a.squarzoni@agrimaster.it					a.squarzoni@agrimaster.eu
aballotta@viglienzone.it					aballotta@viglienzone.it
aberton@tuttestetica.com					aberton@tuttestetica.com
aberton@tuttestetica.it						aberton@tuttestetica.com
abonifazzi@tuttestetica.com					abonifazzi@tuttestetica.com
abonifazzi@tuttestetica.it					abonifazzi@tuttestetica.com
abuse@cander.rete.us						luigi@italmedia.net
abuse@rete.us								luigi@italmedia.net
acannizzaro@viglienzone.it					acannizzaro@viglienzone.it
acorda@tuttestetica.com						acorda@tuttestetica.com
acorda@tuttestetica.it						acorda@tuttestetica.com
acq@olcomponents.com						acq@olmark.com
acq@olmark.com								acq@olmark.com
acq@olmark.eu								acq@olmark.com
acq@olmark.info								acq@olmark.com
acq@olmark.it								acq@olmark.com
acq@olmark.net								acq@olmark.com
acq@otap.info								acq@olmark.com
acquisti@agrimaster.eu						acquisti@agrimaster.eu
acquisti@agrimaster.it						acquisti@agrimaster.eu
acroci@viglienzone.it						acroci@viglienzone.it
ademaio@viglienzone.it						ademaio@viglienzone.it
admin@bagnolo5stelle.tk						admin@bagnolo5stelle.tk
administrator@ferval.com					administrator@ferval.com
administrator@ferval.it						administrator@ferval.com
afortino@tuttestetica.com					afortino@tuttestetica.com
afortino@tuttestetica.it					afortino@tuttestetica.com
afoschini@viglienzone.it					afoschini@viglienzone.it
agenzia@margest.it							agenzia@margest.it
agenzia@vglgroup.it							agenzia@vglgroup.it
agenziave@margest.it						agenziave@margest.it
agriturismo@barbaterre.com					agriturismo@barbaterre.it
agriturismo@barbaterre.it					agriturismo@barbaterre.it
alberto.ferretti@ferval.com					alberto.ferretti@ferval.com
alberto.ferretti@ferval.it					alberto.ferretti@ferval.com
alberto@philstudium.com						alberto@philstudium.com
albertom@philstudium.com					albertom@philstudium.com
alessandra.bonazzi@fondazioneluciodalla.com	alessandra.bonazzi@fondazioneluciodalla.it
alessandra.bonazzi@fondazioneluciodalla.it	alessandra.bonazzi@fondazioneluciodalla.it
alessandro.bucich@fgpartners.it				alessandro.bucich@fgpartners.it
alessandro@studiovernelli.com				alessandro@vernelli.net
alessandro@studiovernelli.eu				alessandro@vernelli.net
alessandro@studiovernelli.info				alessandro@vernelli.net
alessandro@studiovernelli.it				alessandro@vernelli.net
alessandro@studiovernelli.net				alessandro@vernelli.net
alessandro@studiovernelli.org				alessandro@vernelli.net
alessandro@vernelli.consulting				alessandro@vernelli.net
alessandro@vernelli.eu						alessandro@vernelli.net
alessandro@vernelli.info					alessandro@vernelli.net
alessandro@vernelli.net						alessandro@vernelli.net
alessandro@vernelli.org						alessandro@vernelli.net
alessandro@vernelliconsulting.com			alessandro@vernelli.net
alessandro@vernelliconsulting.eu			alessandro@vernelli.net
alessandro@vernelliconsulting.info			alessandro@vernelli.net
alessandro@vernelliconsulting.it			alessandro@vernelli.net
alessandro@vernelliconsulting.net			alessandro@vernelli.net
alessandro@vernelliconsulting.org			alessandro@vernelli.net
alessandrobucich@fgpartners.it				alessandro.bucich@fgpartners.it
alessio.castagna@sp3.it						alessio.castagna@sp3.it
aliotti@paeseinfesta.com					aliotti@paeseinfesta.com
amarino@viglienzone.it						amarino@viglienzone.it
amartines@tuttestetica.com					amartines@tuttestetica.com
amartines@tuttestetica.it					amartines@tuttestetica.com
ambiente@studiovernelli.com					ambiente@vernelli.net
ambiente@studiovernelli.eu					ambiente@vernelli.net
ambiente@studiovernelli.info				ambiente@vernelli.net
ambiente@studiovernelli.it					ambiente@vernelli.net
ambiente@studiovernelli.net					ambiente@vernelli.net
ambiente@studiovernelli.org					ambiente@vernelli.net
ambiente@vernelli.consulting				ambiente@vernelli.net
ambiente@vernelli.eu						ambiente@vernelli.net
ambiente@vernelli.info						ambiente@vernelli.net
ambiente@vernelli.net						ambiente@vernelli.net
ambiente@vernelli.org						ambiente@vernelli.net
ambiente@vernelliconsulting.com				ambiente@vernelli.net
ambiente@vernelliconsulting.eu				ambiente@vernelli.net
ambiente@vernelliconsulting.info			ambiente@vernelli.net
ambiente@vernelliconsulting.it				ambiente@vernelli.net
ambiente@vernelliconsulting.net				ambiente@vernelli.net
ambiente@vernelliconsulting.org				ambiente@vernelli.net
amministrazione2@agrimaster.eu				amministrazione2@agrimaster.eu
amministrazione2@agrimaster.it				amministrazione2@agrimaster.eu
amministrazione@agrimaster.eu				amministrazione@agrimaster.eu
amministrazione@agrimaster.it				amministrazione@agrimaster.eu
amministrazione@b24service.com				amministrazione@b24service.com
amministrazione@cuoredipelle.com			amministrazione@cuoredipelle.com
amministrazione@cuoredipelle.it				amministrazione@cuoredipelle.com
amministrazione@cuoredipelle.net			amministrazione@cuoredipelle.com
amministrazione@ferval.com					amministrazione@ferval.com
amministrazione@ferval.it					amministrazione@ferval.com
amministrazione@fotoartnonsolofoto.com		amministrazione@fotoartnonsolofoto.com
amministrazione@mpintralogistic.com			amministrazione@mpintralogistic.it
amministrazione@mpintralogistic.eu			amministrazione@mpintralogistic.it
amministrazione@mpintralogistic.it			amministrazione@mpintralogistic.it
amministrazione@obiettivoclima.com			amministrazione@obiettivoclima.com
amontanari@viglienzone.it					amontanari@viglienzone.it
andrea.depietri@ferval.com					andrea.depietri@ferval.com
andrea.depietri@ferval.it					andrea.depietri@ferval.com
andrea.faccani@fondazioneluciodalla.com		andrea.faccani@fondazioneluciodalla.it
andrea.faccani@fondazioneluciodalla.it		andrea.faccani@fondazioneluciodalla.it
andrea.pelliciardi@marplast.it				andrea.pelliciardi@marplast.it
andrea.pelliciardi@marplast.org				andrea.pelliciardi@marplast.it
andrea@agaveweb.it							andrea@agaveweb.it
andrea@marplast.it							andrea@marplast.it
andrea@marplast.org							andrea@marplast.it
andrea@natuzzibros.com						mail@natuzzibros.com
andrea@philstudium.com						andrea@philstudium.com
andrea@sp3.it								andrea@sp3.it
annalisa.caligiuri@fondazioneluciodalla.com	annalisa.caligiuri@fondazioneluciodalla.it
annalisa.caligiuri@fondazioneluciodalla.it	annalisa.caligiuri@fondazioneluciodalla.it
annalisa.galeone@ferval.com					annalisa.galeone@ferval.com
annalisa.galeone@ferval.it					annalisa.galeone@ferval.com
antonio.gavazza@gavazzaassociati.it			antonio.gavazza@gavazzaassociati.it
antonio.gavazza@gavazzaeassociati.it		antonio.gavazza@gavazzaassociati.it
apolenghi@tuttestetica.com					apolenghi@tuttestetica.com
apolenghi@tuttestetica.it					apolenghi@tuttestetica.com
archpac@pacchiarini.net						archpac@pacchiarini.net
artemio@paeseinfesta.com					artemio@paeseinfesta.com
astrocchi@viglienzone.it					astrocchi@viglienzone.it
atoso@viglienzone.it						atoso@viglienzone.it
attiva@olcomponents.com						risum@olmark.com
attiva@olmark.com							risum@olmark.com
attiva@olmark.eu							risum@olmark.com
attiva@olmark.info							risum@olmark.com
attiva@olmark.it							risum@olmark.com
attiva@olmark.net							risum@olmark.com
attiva@otap.info							risum@olmark.com
attivisti@bagnolo5stelle.tk					attivisti@bagnolo5stelle.tk
austin.o@marplast.com						austin.o@marplast.com
avaltancoli@tuttestetica.com				avaltancoli@tuttestetica.com
avaltancoli@tuttestetica.it					avaltancoli@tuttestetica.com
az.agr.bedogni@sp3.it						az.agr.bedogni@sp3.it
azerbinati@viglienzone.it					azerbinati@viglienzone.it
b.jabbie@whyg.biz							b.jabbie@whyg.biz
backoffice@tuttestetica.com					backoffice@tuttestetica.com
backoffice@tuttestetica.it					backoffice@tuttestetica.com
backup@olcomponents.com						backup@olmark.com
backup@olmark.com							backup@olmark.com
backup@olmark.eu							backup@olmark.com
backup@olmark.info							backup@olmark.com
backup@olmark.it							backup@olmark.com
backup@olmark.net							backup@olmark.com
backup@otap.info							backup@olmark.com
bedogni@sp3.it								bedogni@sp3.it
beppescienza@beppescienza.info				beppescienza@beppescienza.info
boss@bagnolocalcioa5.com					boss@bagnolocalcioa5.com
boss@bagnolocalcioa5.it						boss@bagnolocalcioa5.com
brenno@autobertozzi.com						brenno@autobertozzi.com
brunella.grisi@ferval.com					brunella.grisi@ferval.com
brunella.grisi@ferval.it					brunella.grisi@ferval.com
bruno.saita@olcomponents.com				bruno.saita@olmark.com
bruno.saita@olmark.com						bruno.saita@olmark.com
bruno.saita@olmark.eu						bruno.saita@olmark.com
bruno.saita@olmark.inf						bruno.saita@olmark.com
bruno.saita@olmark.it						bruno.saita@olmark.com
bruno.saita@olmark.net						bruno.saita@olmark.com
bruno.saita@otap.info						bruno.saita@olmark.com
bruschi@bagnolocalcioa5.com					bruschi@bagnolocalcioa5.com
bruschi@bagnolocalcioa5.it					bruschi@bagnolocalcioa5.com
bs@beppescienza.info						bs@beppescienza.info
bunge@viglienzone.it						bunge@viglienzone.it
c.colarossi@mpintralogistic.com				c.colarossi@mpintralogistic.it
c.colarossi@mpintralogistic.eu				c.colarossi@mpintralogistic.it
c.colarossi@mpintralogistic.it				c.colarossi@mpintralogistic.it
carlomicucci@marplast.it					carlomicucci@marplast.it
carlomicucci@marplast.org					carlomicucci@marplast.it
ce@studiovernelli.com						ce@vernelli.net
ce@studiovernelli.eu						ce@vernelli.net
ce@studiovernelli.info						ce@vernelli.net
ce@studiovernelli.it						ce@vernelli.net
ce@studiovernelli.net						ce@vernelli.net
ce@studiovernelli.org						ce@vernelli.net
ce@vernelli.consulting						ce@vernelli.net
ce@vernelli.eu								ce@vernelli.net
ce@vernelli.info							ce@vernelli.net
ce@vernelli.net								ce@vernelli.net
ce@vernelli.org								ce@vernelli.net
ce@vernelliconsulting.com					ce@vernelli.net
ce@vernelliconsulting.eu					ce@vernelli.net
ce@vernelliconsulting.info					ce@vernelli.net
ce@vernelliconsulting.it					ce@vernelli.net
ce@vernelliconsulting.net					ce@vernelli.net
ce@vernelliconsulting.org					ce@vernelli.net
ced1@viglienzone.it							ced1@viglienzone.it
ced@bagnolocalcioa5.com						ced@bagnolocalcioa5.com
ced@bagnolocalcioa5.it						ced@bagnolocalcioa5.com
ced@olcomponents.com						ced@olmark.com
ced@olmark.com								ced@olmark.com
ced@olmark.eu								ced@olmark.com
ced@olmark.info								ced@olmark.com
ced@olmark.it								ced@olmark.com
ced@olmark.net								ced@olmark.com
ced@otap.info								ced@olmark.com
ced@viglienzone.it							ced@viglienzone.it
cesare@antibay.it							cesare@italmedia.net
cesare@antiebay.it							cesare@italmedia.net
cesare@bagnolo5stelle.tk					cesare@bagnolo5stelle.tk
cesare@italmedia.com						cesare@italmedia.net
cesare@italmedia.net						cesare@italmedia.net
chiari@frclegno.com							chiari@frclegno.com
cicloattivo@tuttestetica.com				cicloattivo@tuttestetica.com
cicloattivo@tuttestetica.it					cicloattivo@tuttestetica.com
cinzia.faccani@fondazioneluciodalla.com		cinzia.faccani@fondazioneluciodalla.it
cinzia.faccani@fondazioneluciodalla.it		cinzia.faccani@fondazioneluciodalla.it
cinzia.faccani@pressingline.it				cinzia.faccani@pressingline.it
claudio@philstudium.com						claudio@philstudium.com
clienti@fotomaretti.com						clienti@fotomaretti.com
clienti@fotomaretti.net						clienti@fotomaretti.com
clinguanti@margest.it						clinguanti@margest.it
cloud@studiovernelli.com					cloud@vernelli.net
cloud@studiovernelli.eu						cloud@vernelli.net
cloud@studiovernelli.info					cloud@vernelli.net
cloud@studiovernelli.it						cloud@vernelli.net
cloud@studiovernelli.net					cloud@vernelli.net
cloud@studiovernelli.org					cloud@vernelli.net
cloud@vernelli.consulting					cloud@vernelli.net
cloud@vernelli.eu							cloud@vernelli.net
cloud@vernelli.info							cloud@vernelli.net
cloud@vernelli.net							cloud@vernelli.net
cloud@vernelli.org							cloud@vernelli.net
cloud@vernelliconsulting.com				cloud@vernelli.net
cloud@vernelliconsulting.eu					cloud@vernelli.net
cloud@vernelliconsulting.info				cloud@vernelli.net
cloud@vernelliconsulting.it					cloud@vernelli.net
cloud@vernelliconsulting.net				cloud@vernelli.net
cloud@vernelliconsulting.org				cloud@vernelli.net
cogest@olcomponents.com						cogest@olmark.com
cogest@olmark.com							cogest@olmark.com
cogest@olmark.eu							cogest@olmark.com
cogest@olmark.info							cogest@olmark.com
cogest@olmark.it							cogest@olmark.com
cogest@olmark.net							cogest@olmark.com
cogest@otap.info							cogest@olmark.com
comi1@olcomponents.com						comi1@olmark.com
comi1@olmark.com							comi1@olmark.com
comi1@olmark.eu								comi1@olmark.com
comi1@olmark.info							comi1@olmark.com
comi1@olmark.it								comi1@olmark.com
comi1@olmark.net							comi1@olmark.com
comi1@otap.info								comi1@olmark.com
commerciale@agrimaster.eu					commerciale@agrimaster.eu
commerciale@agrimaster.it					commerciale@agrimaster.eu
commerciale@philstudium.com					commerciale@philstudium.com
computer@fotoartnonsolofoto.com				computer@fotoartnonsolofoto.com
contabilita1@viglienzone.it					contabilita1@viglienzone.it
contabilita@margest.it						contabilita@margest.it
contabilita@viglienzone.it					contabilita@viglienzone.it
containers@viglienzone.it					containers@viglienzone.it
conti@obiettivoclima.com					conti@obiettivoclima.com
controlli@vglgroup.it						controlli@vglgroup.it
controlli@viglienzone.it					controlli@viglienzone.it
controllo@tuttestetica.com					controllo@tuttestetica.com
controllo@tuttestetica.it					controllo@tuttestetica.com
corrado@sp3.it								corrado@sp3.it
cosmo@italmedia.com							cosmo@italmedia.net
cosmo@italmedia.net							cosmo@italmedia.net
costa@marplast.it							costa@marplast.it
costa@marplast.org							costa@marplast.it
craccioppoli@tuttestetica.com				craccioppoli@tuttestetica.com
craccioppoli@tuttestetica.it				craccioppoli@tuttestetica.com
cristian.iemmi@marplast.it					cristian.iemmi@marplast.it
cristian.iemmi@marplast.org					cristian.iemmi@marplast.it
cristian@autobertozzi.com					cristian@autobertozzi.com
cristina.menozzi@cuoredipelle.com			cristina.menozzi@cuoredipelle.com
cristina.menozzi@cuoredipelle.it			cristina.menozzi@cuoredipelle.com
cristina.menozzi@cuoredipelle.net			cristina.menozzi@cuoredipelle.com
cristina@fotomaretti.com					cristina@fotomaretti.com
cristina@fotomaretti.net					cristina@fotomaretti.com
cristina@marplast.it						cristina@marplast.it
cristina@marplast.org						cristina@marplast.it
cristina@sp3.it								cristina@sp3.it
crm@tuttestetica.com						crm@tuttestetica.com
crm@tuttestetica.it							crm@tuttestetica.com
curriculum@tuttestetica.com					curriculum@tuttestetica.com
curriculum@tuttestetica.it					curriculum@tuttestetica.com
curti@arginemaestro.org						curti@arginemaestro.org
customerinfo@marplast.com					customerinfo@marplast.com
cv@fgpartners.it							cv@fgpartners.it
cv@tuttestetica.com							cv@tuttestetica.com
cv@tuttestetica.it							cv@tuttestetica.com
d.dotta@mhepowerdrives.com					monica@mhepowerdrives.com
d.marsigli@agrimaster.eu					d.marsigli@agrimaster.eu
d.marsigli@agrimaster.it					d.marsigli@agrimaster.eu
d.piccardi@agrimaster.eu					d.piccardi@agrimaster.eu
d.piccardi@agrimaster.it					d.piccardi@agrimaster.eu
dalila@barbaterre.com						dalila@barbaterre.it
dalila@barbaterre.it						dalila@barbaterre.it
dani75@marplast.it							dani75@marplast.it
dani75@marplast.org							dani75@marplast.it
daniela@marplast.it							daniela@marplast.it
daniela@marplast.org						daniela@marplast.it
daniele.bellesia@marplast.it				daniele.bellesia@marplast.it
daniele.bellesia@marplast.org				daniele.bellesia@marplast.it
daniele.bernardis@fgpartners.it				daniele.bernardis@fgpartners.it
daniele.caracchi@pressingline.it			daniele.caracchi@pressingline.it
daniele@mhepowerdrives.com					monica@mhepowerdrives.com
danielebernardis@fgpartners.it				daniele.bernardis@fgpartners.it
daolio@arginemaestro.org					daolio@arginemaestro.org
daria.grazia@fondazioneluciodalla.com		daria.grazia@fondazioneluciodalla.it
daria.grazia@fondazioneluciodalla.it		daria.grazia@fondazioneluciodalla.it
daria.grazia@pressingline.it				daria.grazia@pressingline.it
davide.camurri@foodejoy.com					davide.camurri@foodejoy.com
davide.fontanesi@ferval.com					davide.fontanesi@ferval.com
davide.fontanesi@ferval.it					davide.fontanesi@ferval.com
davide@fotomaretti.com						davide@fotomaretti.com
davide@fotomaretti.net						davide@fotomaretti.com
dcesari@tuttestetica.com					dcesari@tuttestetica.com
dcesari@tuttestetica.it						dcesari@tuttestetica.com
devid.gonzaga@marplast.it					devid.gonzaga@marplast.it
devid.gonzaga@marplast.org					devid.gonzaga@marplast.it
devid.spagni@marplast.it					devid.spagni@marplast.it
devid.spagni@marplast.org					devid.spagni@marplast.it
dferrari@viglienzone.it						dferrari@viglienzone.it
dgalante@tuttestetica.com					dgalante@tuttestetica.com
dgalante@tuttestetica.it					dgalante@tuttestetica.com
diramm@olcomponents.com						diramm@olmark.com
diramm@olmark.com							diramm@olmark.com
diramm@olmark.eu							diramm@olmark.com
diramm@olmark.info							diramm@olmark.com
diramm@olmark.it							diramm@olmark.com
diramm@olmark.net							diramm@olmark.com
diramm@otap.info							diramm@olmark.com
direxport@olcomponents.com					direxport@olmark.com
direxport@olmark.com						direxport@olmark.com
direxport@olmark.eu							direxport@olmark.com
direxport@olmark.info						direxport@olmark.com
direxport@olmark.it							direxport@olmark.com
direxport@olmark.net						direxport@olmark.com
direxport@otap.info							direxport@olmark.com
direzione@agrimaster.eu						direzione@agrimaster.eu
direzione@agrimaster.it						direzione@agrimaster.eu
direzione@ferval.com						direzione@ferval.com
direzione@ferval.it							direzione@ferval.com
direzione@viglienzone.it					direzione@viglienzone.it
dirprod@olcomponents.com					dirprod@olmark.com
dirprod@olmark.com							dirprod@olmark.com
dirprod@olmark.eu							dirprod@olmark.com
dirprod@olmark.info							dirprod@olmark.com
dirprod@olmark.it							dirprod@olmark.com
dirprod@olmark.net							dirprod@olmark.com
dirprod@otap.info							dirprod@olmark.com
dj@viglienzone.it							dj@viglienzone.it
dmerlonetti@tuttestetica.com				dmerlonetti@tuttestetica.com
dmerlonetti@tuttestetica.it					dmerlonetti@tuttestetica.com
dogana@viglienzone.it						dogana@viglienzone.it
domini@italmedia.com						drawing@italmedia.net
domini@italmedia.net						drawing@italmedia.net
donatella.grazia@fondazioneluciodalla.com	donatella.grazia@fondazioneluciodalla.it
donatella.grazia@fondazioneluciodalla.it	donatella.grazia@fondazioneluciodalla.it
dpedretti@tuttestetica.com					dpedretti@tuttestetica.com
dpedretti@tuttestetica.it					dpedretti@tuttestetica.com
drawing@italmedia.com						drawing@italmedia.net
drawing@italmedia.net						drawing@italmedia.net
drawing@lucifero.net						drawing@italmedia.net
dricci@margest.it							dricci@margest.it
dricci@viglienzone.it						dricci@viglienzone.it
ds@bagnolocalcioa5.com						ds@bagnolocalcioa5.com
ds@bagnolocalcioa5.it						ds@bagnolocalcioa5.com
dw@italmedia.com							drawing@italmedia.net
dw@italmedia.net							drawing@italmedia.net
e.ghiraldini@agrimaster.eu					e.ghiraldini@agrimaster.eu
e.ghiraldini@agrimaster.it					e.ghiraldini@agrimaster.eu
ecarlone@tuttestetica.com					ecarlone@tuttestetica.com
ecarlone@tuttestetica.it					ecarlone@tuttestetica.com
ecasalini@tuttestetica.com					ecasalini@tuttestetica.com
ecasalini@tuttestetica.it					ecasalini@tuttestetica.com
ecolli@mpintralogistic.com					ecolli@mpintralogistic.it
ecolli@mpintralogistic.eu					ecolli@mpintralogistic.it
ecolli@mpintralogistic.it					ecolli@mpintralogistic.it
ecornacchia@viglienzone.it					ecornacchia@viglienzone.it
elena@natuzzibros.com						mail@natuzzibros.com
elena@sp3.it								elena@sp3.it
elisa@sp3.it								elisa@sp3.it
elisabetta.olivi@ferval.com	elisabetta.olivi@ferval.com
elisabetta.olivi@ferval.it	elisabetta.olivi@ferval.com
emacera@viglienzone.it	emacera@viglienzone.it
emarchetti@tuttestetica.com	emarchetti@tuttestetica.com
emarchetti@tuttestetica.it	emarchetti@tuttestetica.com
emiliano@marplast.it	emiliano@marplast.it
emiliano@marplast.org	emiliano@marplast.it
erica@barbaterre.com	erica@barbaterre.it
erica@barbaterre.it	erica@barbaterre.it
erik@agrimaster.eu	erik@agrimaster.eu
erik@agrimaster.it	erik@agrimaster.eu
error@agrimaster.eu	acquisti@agrimaster.eu
error@agrimaster.it	acquisti@agrimaster.eu
escalchi@tuttestetica.com	escalchi@tuttestetica.com
escalchi@tuttestetica.it	escalchi@tuttestetica.com
esecuzione3@viglienzone.it	esecuzione3@viglienzone.it
esecuzione@viglienzone.it	esecuzione@viglienzone.it
esecuzioneve@viglienzone.it	esecuzioneve@viglienzone.it
etedeschi@marplast.it	etedeschi@marplast.it
etedeschi@marplast.org	etedeschi@marplast.it
export@dermo28.asia	export@dermo28.com
export@dermo28.cn	export@dermo28.com
export@dermo28.co.uk	export@dermo28.com
export@dermo28.com	export@dermo28.com
export@dermo28.it	export@dermo28.com
export@dermo28.tw	export@dermo28.com
export@viglienzone.it	export@viglienzone.it
f.fabbiani@olcomponents.com	f.fabbiani@olmark.com
f.fabbiani@olmark.com	f.fabbiani@olmark.com
f.fabbiani@olmark.eu	f.fabbiani@olmark.com
f.fabbiani@olmark.info	f.fabbiani@olmark.com
f.fabbiani@olmark.it	f.fabbiani@olmark.com
f.fabbiani@olmark.net	f.fabbiani@olmark.com
f.fabbiani@otap.info	f.fabbiani@olmark.com
f.frabetti@agrimaster.eu	f.frabetti@agrimaster.eu
f.frabetti@agrimaster.it	f.frabetti@agrimaster.eu
fabio@casalgrandi.net	fabio@casalgrandi.net
fabrizia@cmp.mc	fabrizia@cmp.mc
facebook@dermo28.asia	facebook@dermo28.com
facebook@dermo28.cn	facebook@dermo28.com
facebook@dermo28.co.uk	facebook@dermo28.com
facebook@dermo28.com	facebook@dermo28.com
facebook@dermo28.it	facebook@dermo28.com
facebook@dermo28.tw	facebook@dermo28.com
fake@marplast.it	fake@marplast.it
fake@marplast.org	fake@marplast.it
fake@philstudium.com	fake@philstudium.com
fake@sp3.it	fake@sp3.it
fatturazione@marplast.it	fatturazione@marplast.it
fatturazione@marplast.org	fatturazione@marplast.it
fausto.caprini@fgpartners.it	fausto.caprini@fgpartners.it
faustocaprini@fgpartners.it	fausto.caprini@fgpartners.it
fax@marplast.it	fax@marplast.it
fax@marplast.org	fax@marplast.it
fax@sp3.it	fax@sp3.it
fbeni@tuttestetica.com	fbeni@tuttestetica.com
fbeni@tuttestetica.it	fbeni@tuttestetica.com
fbertino@tuttestetica.com	fbertino@tuttestetica.com
fbertino@tuttestetica.it	fbertino@tuttestetica.com
fbidese@tuttestetica.com	fbidese@tuttestetica.com
fbidese@tuttestetica.it	fbidese@tuttestetica.com
fbonomo@fgi.lu	fbonomo@fgi.lu
fbonomo@fginvest.lu	fbonomo@fgi.lu
fbonomo@finegoldinvest.lu	fbonomo@fgi.lu
fbonomo@tuttestetica.com	fbonomo@tuttestetica.com
fbonomo@tuttestetica.it	fbonomo@tuttestetica.com
fede@avvocatofranchi.com	fede@avvocatofranchi.com
fede@marplast.it	fede@marplast.it
fede@marplast.org	fede@marplast.it
federica.franceschetti@sp3.it	federica.franceschetti@sp3.it
federica@dambra.info	federica@dambra.info
ferretti@marplast.it	ferretti@marplast.it
ferretti@marplast.org	ferretti@marplast.it
ff@olcomponents.com	ff@olmark.com
ff@olmark.com	ff@olmark.com
ff@olmark.eu	ff@olmark.com
ff@olmark.info	ff@olmark.com
ff@olmark.it	ff@olmark.com
ff@olmark.net	ff@olmark.com
ff@otap.info	ff@olmark.com
fgasparri@tuttestetica.com	fgasparri@tuttestetica.com
fgasparri@tuttestetica.it	fgasparri@tuttestetica.com
filippo.castelnovo@ferval.com	filippo.castelnovo@ferval.com
filippo.castelnovo@ferval.it	filippo.castelnovo@ferval.com
fiorenza.ferretti@ferval.com	fiorenza.ferretti@ferval.com
fiorenza.ferretti@ferval.it	fiorenza.ferretti@ferval.com
flavio@sp3.it	flavio@sp3.it
fmacera@margest.it	fmacera@margest.it
fmacera@viglienzone.it	fmacera@viglienzone.it
fmanzano@viglienzone.it	fmanzano@viglienzone.it
fondazione@luciodalla.it	fondazione@luciodalla.it
francesca@natuzzibros.com	mail@natuzzibros.com
francesco.bonomo@fgpartners.it	francesco.bonomo@fgpartners.it
francescobonomo@fgpartners.it	francesco.bonomo@fgpartners.it
franco@marplast.it	franco@marplast.it
franco@marplast.org	franco@marplast.it
fsanti@studiovernelli.com	fsanti@vernelli.net
fsanti@studiovernelli.eu	fsanti@vernelli.net
fsanti@studiovernelli.info	fsanti@vernelli.net
fsanti@studiovernelli.it	fsanti@vernelli.net
fsanti@studiovernelli.net	fsanti@vernelli.net
fsanti@studiovernelli.org	fsanti@vernelli.net
fsanti@vernelli.consulting	fsanti@vernelli.net
fsanti@vernelli.eu	fsanti@vernelli.net
fsanti@vernelli.info	fsanti@vernelli.net
fsanti@vernelli.net	fsanti@vernelli.net
fsanti@vernelli.org	fsanti@vernelli.net
fsanti@vernelliconsulting.com	fsanti@vernelli.net
fsanti@vernelliconsulting.eu	fsanti@vernelli.net
fsanti@vernelliconsulting.info	fsanti@vernelli.net
fsanti@vernelliconsulting.it	fsanti@vernelli.net
fsanti@vernelliconsulting.net	fsanti@vernelli.net
fsanti@vernelliconsulting.org	fsanti@vernelli.net
fscapin@dambra.info	fscapin@dambra.info
ftrombetti@tuttestetica.com	ftrombetti@tuttestetica.com
ftrombetti@tuttestetica.it	ftrombetti@tuttestetica.com
g.barbieri@b24service.com	g.barbieri@b24service.com
g.barbieri@marplast.it	g.barbieri@marplast.it
g.barbieri@marplast.org	g.barbieri@marplast.it
g.barbieri@mpintralogistic.com	g.barbieri@mpintralogistic.it
g.barbieri@mpintralogistic.eu	g.barbieri@mpintralogistic.it
g.barbieri@mpintralogistic.it	g.barbieri@mpintralogistic.it
g.cantini@b24service.com	g.cantini@b24service.com
g.fantuzzi@olcomponents.com	g.fantuzzi@olmark.com
g.fantuzzi@olmark.com	g.fantuzzi@olmark.com
g.fantuzzi@olmark.eu	g.fantuzzi@olmark.com
g.fantuzzi@olmark.info	g.fantuzzi@olmark.com
g.fantuzzi@olmark.it	g.fantuzzi@olmark.com
g.fantuzzi@olmark.net	g.fantuzzi@olmark.com
g.fantuzzi@otap.info	g.fantuzzi@olmark.com
g.marani@mpintralogistic.com	g.marani@mpintralogistic.it
g.marani@mpintralogistic.eu	g.marani@mpintralogistic.it
g.marani@mpintralogistic.it	g.marani@mpintralogistic.it
g.pantaleoni@rsi-italia.com	g.pantaleoni@rsi-italia.com
gbelli@tuttestetica.com	gbelli@tuttestetica.com
gbelli@tuttestetica.it	gbelli@tuttestetica.com
gbison@margest.it	gbison@margest.it
gbison@viglienzone.it	gbison@viglienzone.it
gcecchi@viglienzone.it	gcecchi@viglienzone.it
gdallavalle@viglienzone.it	gdallavalle@viglienzone.it
gdangelo@viglienzone.it	gdangelo@viglienzone.it
gdelbo@tuttestetica.com	gdelbo@tuttestetica.com
gdelbo@tuttestetica.it	gdelbo@tuttestetica.com
gf@olcomponents.com	g.fantuzzi@olmark.com
gf@olmark.com	g.fantuzzi@olmark.com
gf@olmark.eu	g.fantuzzi@olmark.com
gf@olmark.info	g.fantuzzi@olmark.com
gf@olmark.it	g.fantuzzi@olmark.com
gf@olmark.net	g.fantuzzi@olmark.com
gf@otap.info	g.fantuzzi@olmark.com
gfantuzzi@olcomponents.com	gfantuzzi@olmark.com
gfantuzzi@olmark.com	gfantuzzi@olmark.com
gfantuzzi@olmark.eu	gfantuzzi@olmark.com
gfantuzzi@olmark.info	gfantuzzi@olmark.com
gfantuzzi@olmark.it	gfantuzzi@olmark.com
gfantuzzi@olmark.net	gfantuzzi@olmark.com
gfantuzzi@otap.info	gfantuzzi@olmark.com
ggardi@viglienzone.it	ggardi@viglienzone.it
gian.paolo.iotti@cuoredipelle.com	gian.paolo.iotti@cuoredipelle.com
gian.paolo.iotti@cuoredipelle.it	gian.paolo.iotti@cuoredipelle.com
gian.paolo.iotti@cuoredipelle.net	gian.paolo.iotti@cuoredipelle.com
gianfranco.mellea@ferval.com	gianfranco.mellea@ferval.com
gianfranco.mellea@ferval.it	gianfranco.mellea@ferval.com
gianni.iemmi@marplast.it	gianni.iemmi@marplast.it
gianni.iemmi@marplast.org	gianni.iemmi@marplast.it
gianni@philstudium.com	gianni@philstudium.com
giordano.ronzoni@ferval.com	giordano.ronzoni@ferval.com
giordano.ronzoni@ferval.it	giordano.ronzoni@ferval.com
giorgia.giglioli@sp3.it	giorgia.giglioli@sp3.it
giorgia.lr@olcomponents.com	giorgia.lr@olmark.com
giorgia.lr@olmark.com	giorgia.lr@olmark.com
giorgia.lr@olmark.eu	giorgia.lr@olmark.com
giorgia.lr@olmark.info	giorgia.lr@olmark.com
giorgia.lr@olmark.it	giorgia.lr@olmark.com
giorgia.lr@olmark.net	giorgia.lr@olmark.com
giorgia.lr@otap.info	giorgia.lr@olmark.com
giorgialodirizzini@olcomponents.com	giorgialodirizzini@olmark.com
giorgialodirizzini@olmark.com	giorgialodirizzini@olmark.com
giorgialodirizzini@olmark.eu	giorgialodirizzini@olmark.com
giorgialodirizzini@olmark.info	giorgialodirizzini@olmark.com
giorgialodirizzini@olmark.it	giorgialodirizzini@olmark.com
giorgialodirizzini@olmark.net	giorgialodirizzini@olmark.com
giorgialodirizzini@otap.info	giorgialodirizzini@olmark.com
giovanni@avvocatofranchi.com	giovanni@avvocatofranchi.com
giuliadadamio@marplast.it	giuliadadamio@marplast.it
giuliadadamio@marplast.org	giuliadadamio@marplast.it
giuseppe.maia@marplast.it	giuseppe.maia@marplast.it
giuseppe.maia@marplast.org	giuseppe.maia@marplast.it
glanzo@olcomponents.com	glanzo@olmark.com
glanzo@olmark.com	glanzo@olmark.com
glanzo@olmark.eu	glanzo@olmark.com
glanzo@olmark.info	glanzo@olmark.com
glanzo@olmark.it	glanzo@olmark.com
glanzo@olmark.net	glanzo@olmark.com
glanzo@otap.info	glanzo@olmark.com
gmacera@viglienzone.it	gmacera@viglienzone.it
gmancini@tuttestetica.com	gmancini@tuttestetica.com
gmancini@tuttestetica.it	gmancini@tuttestetica.com
gmelandri@viglienzone.it	gmelandri@viglienzone.it
gmontagner@viglienzone.it	gmontagner@viglienzone.it
gmontanari@viglienzone.it	gmontanari@viglienzone.it
gorni@paeseinfesta.com	gorni@paeseinfesta.com
gp@itc.mc	gp@itc.mc
gpeviani@mpintralogistic.com	gpeviani@mpintralogistic.it
gpeviani@mpintralogistic.eu	gpeviani@mpintralogistic.it
gpeviani@mpintralogistic.it	gpeviani@mpintralogistic.it
grafica@tuttestetica.com	grafica@tuttestetica.com
grafica@tuttestetica.it	grafica@tuttestetica.com
gruppo@bagnolo5stelle.tk	gruppo@bagnolo5stelle.tk
gspinetto@tuttestetica.com	gspinetto@tuttestetica.com
gspinetto@tuttestetica.it	gspinetto@tuttestetica.com
guidetti@sp3.it	guidetti@sp3.it
helpdesk@marplast.it	helpdesk@marplast.it
helpdesk@marplast.org	helpdesk@marplast.it
hungaria@viglienzone.it	hungaria@viglienzone.it
ict@tuttestetica.com	ict@tuttestetica.com
ict@tuttestetica.it	ict@tuttestetica.com
igor.pamic@marplast.it	igor.pamic@marplast.it
igor.pamic@marplast.org	igor.pamic@marplast.it
ilaria.iotti@casalgrandi.net	ilaria.iotti@casalgrandi.net
imbarchi@vglgroup.it	imbarchi@vglgroup.it
imbarchi@viglienzone.it	imbarchi@viglienzone.it
info@agaveweb.it				info@agaveweb.it
info@antibay.it					antiebayer@gmail.com
info@antiebay.it				antiebayer@gmail.com
info@asdre.it					info@asdre.it
info@autobertozzi.com			info@autobertozzi.com
info@avvocatofranchi.com		info@avvocatofranchi.com
info@azetapet.com				info@azetapet.com
info@azetapet.eu				info@azetapet.com
info@azetapet.it				info@azetapet.com
info@azetapet.net				info@azetapet.com
info@azetapet.org				info@azetapet.com
info@b24service.com				info@b24service.com
info@baranigomme.it				info@baranigomme.it
info@barbaterre.com				info@barbaterre.it
info@barbaterre.it				info@barbaterre.it
info@beautylinecenter.it		info@beautylinecenter.it
info@casalgrandi.net			info@casalgrandi.net
info@chiaracasa.com				paolo.mennuti@gmail.com
info@chiaracasa.it				paolo.mennuti@gmail.com
info@cmp.mc						info@cmp.mc
info@copyservice.re.it			copy@giovaprint.com
info@cuoredipelle.com			info@cuoredipelle.com
info@cuoredipelle.it			info@cuoredipelle.com
info@cuoredipelle.net			info@cuoredipelle.com
info@dambra.info				info@dambra.info
info@dermo28.asia				info@dermo28.com
info@dermo28.cn					info@dermo28.com
info@dermo28.co.uk				info@dermo28.com
info@dermo28.com				info@dermo28.com
info@dermo28.it					info@dermo28.com
info@dermo28.tw					info@dermo28.com
info@emporiodelcioccolato.it	info@foodejoy.com
info@ferval.com					info@ferval.com
info@ferval.it					info@ferval.com
info@fgi.lu						info@fgi.lu
info@fginvest.lu				info@fgi.lu
info@fgpartners.it				info@fgpartners.it
info@finegoldinvest.lu			info@fgi.lu
info@fondazioneluciodalla.com	info@fondazioneluciodalla.it
info@fondazioneluciodalla.it	info@fondazioneluciodalla.it
info@foodejoy.com	davide.camurri@foodejoy.com
info@fotoartnonsolofoto.com	info@fotoartnonsolofoto.com
info@gamechart.ga	info@gamechart.ga
info@geoverdecorreggio.it	info@geoverdecorreggio.it
info@ippogrifo.info	copy@giovaprint.com
info@itc.mc	info@itc.mc
info@k-tools.com	info@k-tools.com
info@locandalaquercia.com	info@locandalaquercia.com
info@marplasthome.it	infomarplast@marplast.it
info@mhepowerdrives.com	monica@mhepowerdrives.com
info@mpintralogistic.com	info@mpintralogistic.it
info@mpintralogistic.eu	info@mpintralogistic.it
info@mpintralogistic.it	info@mpintralogistic.it
info@murad.it	info@murad.it
info@natuzzibros.com	mail@natuzzibros.com
info@obiettivoclima.com	info@obiettivoclima.com
info@olcomponents.com	info@olmark.com
info@olmark.com	info@olmark.com
info@olmark.eu	info@olmark.com
info@olmark.fr	olmarkfrance@olmark.com
info@olmark.info	info@olmark.com
info@olmark.it	info@olmark.com
info@olmark.net	info@olmark.com
info@orea.mc	info@orea.mc
info@otap.info	info@olmark.com
info@pacchiarini.net	info@pacchiarini.net
info@passionedepoca.it	info@passionedepoca.it
info@philstudium.com	info@philstudium.com
info@piandelloro.it	info@piandelloro.it
info@pittoricabassi.it	info@pittoricabassi.it
info@pomomussini.com	info@foodejoy.com
info@pressingline.it	info@pressingline.it
info@restaurodelduomo.org	mail@restaurodelduomo.org
info@rsi-italia.com	monica@rsi-italia.com
info@sogienergy.net	info@sogienergy.net
info@sp3.it	info@sp3.it
info@studiolegalepellini.com	raffaellapellini@libero.it
info@studiovernelli.com	info@vernelli.net
info@studiovernelli.eu	info@vernelli.net
info@studiovernelli.info	info@vernelli.net
info@studiovernelli.it	info@vernelli.net
info@studiovernelli.net	info@vernelli.net
info@studiovernelli.org	info@vernelli.net
info@tulliocorradini.com	info@tulliocorradini.com
info@tuttestetica.com	info@tuttestetica.com
info@tuttestetica.it	info@tuttestetica.com
info@vernelli.consulting	info@vernelli.net
info@vernelli.eu	info@vernelli.net
info@vernelli.info	info@vernelli.net
info@vernelli.net	info@vernelli.net
info@vernelli.org	info@vernelli.net
info@vernelliconsulting.com	info@vernelli.net
info@vernelliconsulting.eu	info@vernelli.net
info@vernelliconsulting.info	info@vernelli.net
info@vernelliconsulting.it	info@vernelli.net
info@vernelliconsulting.net	info@vernelli.net
info@vernelliconsulting.org	info@vernelli.net
info@viglienzone.it	info@viglienzone.it
info@villabruna.eu	info@villabruna.net
info@villabruna.net	info@villabruna.net
info@whyg.biz	info@whyg.biz
infomarplast@marplast.it	infomarplast@marplast.it
infomarplast@marplast.org	infomarplast@marplast.it
infove@viglienzone.it	infove@viglienzone.it
integrity@viglienzone.it	integrity@viglienzone.it
international@sogienergy.net	international@sogienergy.net
invio@viglienzone.it	invio@viglienzone.it
ispettori@viglienzone.it	ispettori@viglienzone.it
it@tuttestetica.com	it@tuttestetica.com
it@tuttestetica.it	it@tuttestetica.com
italia@olcomponents.com	italia@olmark.com
italia@olmark.com	italia@olmark.com
italia@olmark.eu	italia@olmark.com
italia@olmark.info	italia@olmark.com
italia@olmark.it	italia@olmark.com
italia@olmark.net	italia@olmark.com
italia@otap.info	italia@olmark.com
ivo.incerti@ferval.com	ivo.incerti@ferval.com
ivo.incerti@ferval.it	ivo.incerti@ferval.com
jabbie@ideabw.biz	b.jabbie@whyg.biz
juniores@bagnolocalcioa5.com	juniores@bagnolocalcioa5.com
juniores@bagnolocalcioa5.it	juniores@bagnolocalcioa5.com
k@cander.rete.us	luigi@italmedia.net
k@lucifero.net	luigi@italmedia.net
k@rete.us	luigi@italmedia.net
l.catellani@mpintralogistic.com	l.catellani@mpintralogistic.it
l.catellani@mpintralogistic.eu	l.catellani@mpintralogistic.it
l.catellani@mpintralogistic.it	l.catellani@mpintralogistic.it
l.crocetti@b24service.com	l.crocetti@b24service.com
l.dagostino@agrimaster.eu	l.dagostino@agrimaster.eu
l.dagostino@agrimaster.it	l.dagostino@agrimaster.eu
l.napoletano@mpintralogistic.com	l.napoletano@mpintralogistic.it
l.napoletano@mpintralogistic.eu	l.napoletano@mpintralogistic.it
l.napoletano@mpintralogistic.it	l.napoletano@mpintralogistic.it
lars@italmedia.com	drawing@italmedia.net
lars@italmedia.net	drawing@italmedia.net
lauradalcarlo@viglienzone.it	lauradalcarlo@viglienzone.it
lcaruso@tuttestetica.com	lcaruso@tuttestetica.com
lcaruso@tuttestetica.it	lcaruso@tuttestetica.com
ldalcarlo@viglienzone.it	ldalcarlo@viglienzone.it
lfrixione@vglgroup.it	drawing@italmedia.net
license@fgpartners.it	license@fgpartners.it
lisa@autobertozzi.com	lisa@autobertozzi.com
lisa@bagnolocalcioa5.com	lisa@bagnolocalcioa5.com
lisa@bagnolocalcioa5.it	lisa@bagnolocalcioa5.com
lisetta@sp3.it	lisetta@sp3.it
list-assp-test@lucifero.net	list-assp-test@lucifero.net
list-assp-user@lucifero.net	list-assp-user@lucifero.net
list@bagnolo5stelle.tk	list@bagnolo5stelle.tk
lkolbe@marplast.com	lkolbe@marplast.com
logistica@tuttestetica.com	logistica@tuttestetica.com
logistica@tuttestetica.it	logistica@tuttestetica.com
logisticaferroviaria@viglienzone.it	logisticaferroviaria@viglienzone.it
logistics.ve@viglienzone.it	logistics.ve@viglienzone.it
lorenapazzi@marplast.it	lorenapazzi@marplast.it
lorenapazzi@marplast.org	lorenapazzi@marplast.it
lorenza@sp3.it	lorenza@sp3.it
loretta.cocchi@ferval.com	loretta.cocchi@ferval.com
loretta.cocchi@ferval.it	loretta.cocchi@ferval.com
lronchetti@margest.it	lronchetti@margest.it
lronchetti@viglienzone.it	lronchetti@viglienzone.it
lrui@tuttestetica.com	lrui@tuttestetica.com
lrui@tuttestetica.it	lrui@tuttestetica.com
lsaccomandi@viglienzone.it	lsaccomandi@viglienzone.it
lsaracino@viglienzone.it	lsaracino@viglienzone.it
luca.bartoli@ferval.com	luca.bartoli@ferval.com
luca.bartoli@ferval.it	luca.bartoli@ferval.com
luca.romanini@sogienergy.net	luca.romanini@sogienergy.net
lucia@ammigos.it	lucia@ammigos.it
lucio.procaccianti@fgpartners.it	lucio.procaccianti@fgpartners.it
lucioprocaccianti@fgpartners.it	lucio.procaccianti@fgpartners.it
luigi.bigi@philstudium.com	luigi.bigi@philstudium.com
luigi@agrimaster.eu	luigi@agrimaster.eu
luigi@agrimaster.it	luigi@agrimaster.eu
luigi@bagnolo5stelle.tk	luigi@bagnolo5stelle.tk
luigi@italmedia.com	luigi@italmedia.net
luigi@italmedia.net	luigi@italmedia.net
m.mercatelli@agrimaster.eu	m.mercatelli@agrimaster.eu
m.mercatelli@agrimaster.it	m.mercatelli@agrimaster.eu
magazzino.italia@marplast.it	magazzino.italia@marplast.it
magazzino.italia@marplast.org	magazzino.italia@marplast.it
magazzino@marplast.it	magazzino@marplast.it
magazzino@marplast.org	magazzino@marplast.it
magda@viglienzone.it	magda@viglienzone.it
mail@arginemaestro.org	mail@arginemaestro.org
mail@autobertozzi.com	autobertozzi@alice.it
mail@frclegno.com	mail@frclegno.com
mail@giorgioconti.net	mail@giorgioconti.net
mail@natdesign.eu	mail@natuzzibros.com
mail@natuzzibros.com	mail@natuzzibros.com
mail@pacchiarini.net	mail@pacchiarini.net
mail@paeseinfesta.com	mail@paeseinfesta.com
mail@restaurodelduomo.org	mail@restaurodelduomo.org
mail@tulliocorradini.com	info@tulliocorradini.com
malberghini@tuttestetica.com	malberghini@tuttestetica.com
malberghini@tuttestetica.it	malberghini@tuttestetica.com
marcello.balestra@pressingline.it	marcello.balestra@pressingline.it
marco.nesi@lucifero.net	marco.nesi@lucifero.net
marco.nosari@sogienergy.net	marco.nosari@sogienergy.net
marco@bagnolo5stelle.tk	marco@bagnolo5stelle.tk
marco@marplast.it	marco@marplast.it
marco@marplast.org	marco@marplast.it
marco@sp3.it	marco@sp3.it
marcom@ammigos.it	marcom@ammigos.it
margest@viglienzone.it	margest@viglienzone.it
marghera1@viglienzone.it	marghera1@viglienzone.it
marghera2@viglienzone.it	marghera2@viglienzone.it
marghera3@viglienzone.it	marghera3@viglienzone.it
marghera@viglienzone.it	marghera@viglienzone.it
mariarosaturcato@pressingline.it	mariarosaturcato@pressingline.it
mario@italmedia.com	mail@marionet.it
mario@italmedia.net	mail@marionet.it
marketing@bagnolocalcioa5.com	marketing@bagnolocalcioa5.com
marketing@bagnolocalcioa5.it	marketing@bagnolocalcioa5.com
marketing@olcomponents.com	marketing@olmark.com
marketing@olmark.com	marketing@olmark.com
marketing@olmark.eu	marketing@olmark.com
marketing@olmark.info	marketing@olmark.com
marketing@olmark.it	marketing@olmark.com
marketing@olmark.net	marketing@olmark.com
marketing@otap.info	marketing@olmark.com
maruz@italmedia.com	davide@fotomaretti.net
maruz@italmedia.net	davide@fotomaretti.net
massimo@sp3.it	massimo@sp3.it
matteo@philstudium.com	matteo@philstudium.com
mattia@philstudium.com	mattia@philstudium.com
mattia@studiovernelli.com	mattia@vernelli.net
mattia@studiovernelli.eu	mattia@vernelli.net
mattia@studiovernelli.info	mattia@vernelli.net
mattia@studiovernelli.it	mattia@vernelli.net
mattia@studiovernelli.net	mattia@vernelli.net
mattia@studiovernelli.org	mattia@vernelli.net
mattia@vernelli.consulting	mattia@vernelli.net
mattia@vernelli.eu	mattia@vernelli.net
mattia@vernelli.info	mattia@vernelli.net
mattia@vernelli.net	mattia@vernelli.net
mattia@vernelli.org	mattia@vernelli.net
mattia@vernelliconsulting.com	mattia@vernelli.net
mattia@vernelliconsulting.eu	mattia@vernelli.net
mattia@vernelliconsulting.info	mattia@vernelli.net
mattia@vernelliconsulting.it	mattia@vernelli.net
mattia@vernelliconsulting.net	mattia@vernelli.net
mattia@vernelliconsulting.org	mattia@vernelli.net
mattiacianciotto@marplast.it	mattiacianciotto@marplast.it
mattiacianciotto@marplast.org	mattiacianciotto@marplast.it
mattialodini@marplast.it	mattialodini@marplast.it
mattialodini@marplast.org	mattialodini@marplast.it
mauro.andreoli@marplast.it	mauro.andreoli@marplast.it
mauro.andreoli@marplast.org	mauro.andreoli@marplast.it
mauro@sp3.it	mauro@sp3.it
max@bagnolocalcioa5.com	max@bagnolocalcioa5.com
max@bagnolocalcioa5.it	max@bagnolocalcioa5.com
mballarin@margest.it	mballarin@margest.it
mbaroni@viglienzone.it	mbaroni@viglienzone.it
mcolorio@viglienzone.it	mcolorio@viglienzone.it
mdecarvalho@tuttestetica.com	mdecarvalho@tuttestetica.com
mdecarvalho@tuttestetica.it	mdecarvalho@tuttestetica.com
mdulio@tuttestetica.com	mdulio@tuttestetica.com
mdulio@tuttestetica.it	mdulio@tuttestetica.com
mfrisoni@viglienzone.it	mfrisoni@viglienzone.it
mgarkalne@viglienzone.it	mgarkalne@viglienzone.it
migliorelli@viglienzone.it	migliorelli@viglienzone.it
mimmo@marplast.it	mimmo@marplast.it
mimmo@marplast.org	mimmo@marplast.it
mister@bagnolocalcioa5.com	mister@bagnolocalcioa5.com
mister@bagnolocalcioa5.it	mister@bagnolocalcioa5.com
mledda@viglienzone.it	mledda@viglienzone.it
mmaiolini@viglienzone.it	mmaiolini@viglienzone.it
mmanzini@tuttestetica.com	mmanzini@tuttestetica.com
mmanzini@tuttestetica.it	mmanzini@tuttestetica.com
mmarchetti@tuttestetica.com	mmarchetti@tuttestetica.com
mmarchetti@tuttestetica.it	mmarchetti@tuttestetica.com
mmarinelli@viglienzone.it	mmarinelli@viglienzone.it
mmigliorelli@viglienzone.it	mmigliorelli@viglienzone.it
mmiserocchi@viglienzone.it	mmiserocchi@viglienzone.it
mnanni@viglienzone.it	mnanni@viglienzone.it
monica@mhepowerdrives.com	monica@mhepowerdrives.com
monica@philstudium.com	monica@philstudium.com
monica@rsi-italia.com	monica@rsi-italia.com
monica@studiovernelli.com	monica@vernelli.net
monica@studiovernelli.eu	monica@vernelli.net
monica@studiovernelli.info	monica@vernelli.net
monica@studiovernelli.it	monica@vernelli.net
monica@studiovernelli.net	monica@vernelli.net
monica@studiovernelli.org	monica@vernelli.net
monica@vernelli.consulting	monica@vernelli.net
monica@vernelli.eu	monica@vernelli.net
monica@vernelli.info	monica@vernelli.net
monica@vernelli.net	monica@vernelli.net
monica@vernelli.org	monica@vernelli.net
monica@vernelliconsulting.com	monica@vernelli.net
monica@vernelliconsulting.eu	monica@vernelli.net
monica@vernelliconsulting.info	monica@vernelli.net
monica@vernelliconsulting.it	monica@vernelli.net
monica@vernelliconsulting.net	monica@vernelli.net
monica@vernelliconsulting.org	monica@vernelli.net
mony@italmedia.com	monica@italmedia.net
mony@italmedia.net	monica@italmedia.net
mpisu@viglienzone.it	mpisu@viglienzone.it
mpoceania@marplast.it	mpoceania@marplast.it
mpoceania@marplast.org	mpoceania@marplast.it
mpollini@viglienzone.it	mpollini@viglienzone.it
mre@marplast.it	mre@marplast.it
mre@marplast.org	mre@marplast.it
msacchetti@mpintralogistic.com	msacchetti@mpintralogistic.it
msacchetti@mpintralogistic.eu	msacchetti@mpintralogistic.it
msacchetti@mpintralogistic.it	msacchetti@mpintralogistic.it
mschwaiger@viglienzone.it	mschwaiger@viglienzone.it
mvillani@viglienzone.it	mvillani@viglienzone.it
mzuccarin@tuttestetica.com	mzuccarin@tuttestetica.com
mzuccarin@tuttestetica.it	mzuccarin@tuttestetica.com
natuzzi@natuzzibros.com	mail@natuzzibros.com
ncottafava@marplast.it	ncottafava@marplast.it
ncottafava@marplast.org	ncottafava@marplast.it
ndrei@margest.it	ndrei@margest.it
ndrei@viglienzone.it	ndrei@viglienzone.it
news@dermo28.asia	news@dermo28.com
news@dermo28.cn	news@dermo28.com
news@dermo28.co.uk	news@dermo28.com
news@dermo28.com	news@dermo28.com
news@dermo28.it	news@dermo28.com
news@dermo28.tw	news@dermo28.com
news@murad.it	news@murad.it
newsletter@fgi.lu	newsletter@fgi.lu
newsletter@fginvest.lu	newsletter@fgi.lu
newsletter@finegoldinvest.lu	newsletter@fgi.lu
newsletter@marplast.it	newsletter@marplast.it
newsletter@marplast.org	newsletter@marplast.it
nexus@tuttestetica.com	nexus@tuttestetica.com
nexus@tuttestetica.it	nexus@tuttestetica.com
nicola.marconi@foodejoy.com	nicola.marconi@foodejoy.com
nicoletta@sp3.it	nicoletta@sp3.it
noreply@antibay.it	antiebayer@gmail.com
noreply@antiebay.it	antiebayer@gmail.com
noreply@beppescienza.info	noreply@beppescienza.info
noreply@tuttestetica.com	noreply@tuttestetica.com
noreply@tuttestetica.it	noreply@tuttestetica.com
nurbinati@viglienzone.it	nurbinati@viglienzone.it
o.bonfiglio@olcomponents.com	o.bonfiglio@olmark.com
o.bonfiglio@olmark.com	o.bonfiglio@olmark.com
o.bonfiglio@olmark.eu	o.bonfiglio@olmark.com
o.bonfiglio@olmark.info	o.bonfiglio@olmark.com
o.bonfiglio@olmark.it	o.bonfiglio@olmark.com
o.bonfiglio@olmark.net	o.bonfiglio@olmark.com
o.bonfiglio@otap.info	o.bonfiglio@olmark.com
o.groleau@olcomponents.com	o.groleau@olmark.com
o.groleau@olmark.com	o.groleau@olmark.com
o.groleau@olmark.eu	o.groleau@olmark.com
o.groleau@olmark.info	o.groleau@olmark.com
o.groleau@olmark.it	o.groleau@olmark.com
o.groleau@olmark.net	o.groleau@olmark.com
o.groleau@otap.info	o.groleau@olmark.com
office@fgpartners.it	office@fgpartners.it
olmarkfrance@olcomponents.com	olmarkfrance@olmark.com
olmarkfrance@olmark.com	olmarkfrance@olmark.com
olmarkfrance@olmark.eu	olmarkfrance@olmark.com
olmarkfrance@olmark.info	olmarkfrance@olmark.com
olmarkfrance@olmark.it	olmarkfrance@olmark.com
olmarkfrance@olmark.net	olmarkfrance@olmark.com
olmarkfrance@otap.info	olmarkfrance@olmark.com
operativo@viglienzone.it	operativo@viglienzone.it
orders@marplast.it	orders@marplast.it
orders@marplast.org	orders@marplast.it
ordini@philstudium.com	ordini@philstudium.com
ordini@tuttestetica.com	ordini@tuttestetica.com
ordini@tuttestetica.it	ordini@tuttestetica.com
otap@olcomponents.com	otap@olmark.com
otap@olmark.com	otap@olmark.com
otap@olmark.eu	otap@olmark.com
otap@olmark.info	otap@olmark.com
otap@olmark.it	otap@olmark.com
otap@olmark.net	otap@olmark.com
otap@otap.info	otap@olmark.com
ouarraq@bagnolocalcioa5.com	ouarraq@bagnolocalcioa5.com
ouarraq@bagnolocalcioa5.it	ouarraq@bagnolocalcioa5.com
ovog@whyg.biz	ovog@whyg.biz
pacchiarini@ideabw.biz	archpac@pacchiarini.net
pagamenti@antibay.it	antiebayer@gmail.com
pagamenti@antiebay.it	antiebayer@gmail.com
pagamenti@azetapet.com	pagamenti@azetapet.com
pagamenti@azetapet.eu	pagamenti@azetapet.com
pagamenti@azetapet.it	pagamenti@azetapet.com
pagamenti@azetapet.net	pagamenti@azetapet.com
pagamenti@azetapet.org	pagamenti@azetapet.com
pagamenti@cuoredipelle.com	pagamenti@cuoredipelle.com
pagamenti@cuoredipelle.it	pagamenti@cuoredipelle.com
pagamenti@cuoredipelle.net	pagamenti@cuoredipelle.com
pagamenti@fotoartnonsolofoto.com	pagamenti@fotoartnonsolofoto.com
paiola@agrimaster.eu	paiola@agrimaster.eu
paiola@agrimaster.it	paiola@agrimaster.eu
panastasio@viglienzone.it	panastasio@viglienzone.it
paolamaieli@pressingline.it	paolamaieli@pressingline.it
paolo.giacchero@fgpartners.it	paolo.giacchero@fgpartners.it
paolo@philstudium.com	paolo@philstudium.com
paolo@pressingline.it	paolo@pressingline.it
paolo@rsi-italia.com	paolo@rsi-italia.com
paologiacchero@fgpartners.it	paolo.giacchero@fgpartners.it
passandri@tuttestetica.com	passandri@tuttestetica.com
passandri@tuttestetica.it	passandri@tuttestetica.com
patricia.baroncini@fondazioneluciodalla.com	patricia.baroncini@fondazioneluciodalla.it
patricia.baroncini@fondazioneluciodalla.it	patricia.baroncini@fondazioneluciodalla.it
patricia.baroncini@pressingline.it	patricia.baroncini@pressingline.it
paul@mhepowerdrives.com	paul@mhepowerdrives.com
paul@rsi-italia.com	paul@rsi-italia.com
payment@antibay.it	antiebayer@gmail.com
payment@antiebay.it	antiebayer@gmail.com
pbidischini@viglienzone.it	pbidischini@viglienzone.it
pepe@bagnolocalcioa5.com	pepe@bagnolocalcioa5.com
pepe@bagnolocalcioa5.it	pepe@bagnolocalcioa5.com
personale@viglienzone.it	personale@viglienzone.it
pg@cmp.mc	pg@cmp.mc
pg@fgi.lu	pg@fgi.lu
pg@fginvest.lu	pg@fgi.lu
pg@finegoldinvest.lu	pg@fgi.lu
pg@itc.mc	pg@itc.mc
pg@tuttestetica.com	pg@tuttestetica.com
pg@tuttestetica.it	pg@tuttestetica.com
pgalanti@viglienzone.it	pgalanti@viglienzone.it
pgfw@tuttestetica.com	pgfw@tuttestetica.com
pgfw@tuttestetica.it	pgfw@tuttestetica.com
pgiacchero@fgi.lu	pgiacchero@fgi.lu
pgiacchero@fginvest.lu	pgiacchero@fgi.lu
pgiacchero@finegoldinvest.lu	pgiacchero@fgi.lu
pgiacchero@itc.mc	pgiacchero@itc.mc
pgiorgi@tuttestetica.com	pgiorgi@tuttestetica.com
pgiorgi@tuttestetica.it	pgiorgi@tuttestetica.com
philstudiumsnc@philstudium.com	philstudiumsnc@philstudium.com
posta@viglienzone.it	posta@viglienzone.it
postmaster@antibay.it	antiebayer@gmail.com
postmaster@antiebay.it	antiebayer@gmail.com
pres@bagnolocalcioa5.com	pres@bagnolocalcioa5.com
pres@bagnolocalcioa5.it	pres@bagnolocalcioa5.com
presidente@asdre.it	presidente@asdre.it
presidente@paeseinfesta.com	presidente@paeseinfesta.com
presidente@restaurodelduomo.org	presidente@restaurodelduomo.org
presidenza@fismemiliaromagna.it	presidenza@fismemiliaromagna.it
press@tuttestetica.com	press@tuttestetica.com
press@tuttestetica.it	press@tuttestetica.com
preventivi@ferval.com	preventivi@ferval.com
preventivi@ferval.it	preventivi@ferval.com
primo@nelpiatto.com	primo@nelpiatto.com
privacy@natuzzibros.com	mail@natuzzibros.com
privacy@paeseinfesta.com	privacy@paeseinfesta.com
produzione-estero@marplast.it	produzione-estero@marplast.it
produzione-estero@marplast.org	produzione-estero@marplast.it
produzione-mp2@marplast.it	produzione-mp2@marplast.it
produzione-mp2@marplast.org	produzione-mp2@marplast.it
produzione@agrimaster.eu	produzione@agrimaster.eu
produzione@agrimaster.it	produzione@agrimaster.eu
produzione@mpintralogistic.com	produzione@mpintralogistic.it
produzione@mpintralogistic.eu	produzione@mpintralogistic.it
produzione@mpintralogistic.it	produzione@mpintralogistic.it
profets@ammigos.it	profets@ammigos.it
progetti@sogienergy.net	progetti@sogienergy.net
pronto@ilbisognodivivere.com	pronto@ilbisognodivivere.com
puro@arch.italmedia.net	puro@arch.italmedia.net
qualita.ambiente@studiovernelli.com	qualita.ambiente@vernelli.net
qualita.ambiente@studiovernelli.eu	qualita.ambiente@vernelli.net
qualita.ambiente@studiovernelli.info	qualita.ambiente@vernelli.net
qualita.ambiente@studiovernelli.it	qualita.ambiente@vernelli.net
qualita.ambiente@studiovernelli.net	qualita.ambiente@vernelli.net
qualita.ambiente@studiovernelli.org	qualita.ambiente@vernelli.net
qualita.ambiente@vernelli.consulting	qualita.ambiente@vernelli.net
qualita.ambiente@vernelli.eu	qualita.ambiente@vernelli.net
qualita.ambiente@vernelli.info	qualita.ambiente@vernelli.net
qualita.ambiente@vernelli.net	qualita.ambiente@vernelli.net
qualita.ambiente@vernelli.org	qualita.ambiente@vernelli.net
qualita.ambiente@vernelliconsulting.com	qualita.ambiente@vernelli.net
qualita.ambiente@vernelliconsulting.eu	qualita.ambiente@vernelli.net
qualita.ambiente@vernelliconsulting.info	qualita.ambiente@vernelli.net
qualita.ambiente@vernelliconsulting.it	qualita.ambiente@vernelli.net
qualita.ambiente@vernelliconsulting.net	qualita.ambiente@vernelli.net
qualita.ambiente@vernelliconsulting.org	qualita.ambiente@vernelli.net
qualita@studiovernelli.com	qualita@vernelli.net
qualita@studiovernelli.eu	qualita@vernelli.net
qualita@studiovernelli.info	qualita@vernelli.net
qualita@studiovernelli.it	qualita@vernelli.net
qualita@studiovernelli.net	qualita@vernelli.net
qualita@studiovernelli.org	qualita@vernelli.net
qualita@vernelli.consulting	qualita@vernelli.net
qualita@vernelli.eu	qualita@vernelli.net
qualita@vernelli.info	qualita@vernelli.net
qualita@vernelli.net	qualita@vernelli.net
qualita@vernelli.org	qualita@vernelli.net
qualita@vernelliconsulting.com	qualita@vernelli.net
qualita@vernelliconsulting.eu	qualita@vernelli.net
qualita@vernelliconsulting.info	qualita@vernelli.net
qualita@vernelliconsulting.it	qualita@vernelli.net
qualita@vernelliconsulting.net	qualita@vernelli.net
qualita@vernelliconsulting.org	qualita@vernelli.net
r.ancillotti@b24service.com	r.ancillotti@b24service.com
r.pampolini@agrimaster.eu	r.pampolini@agrimaster.eu
r.pampolini@agrimaster.it	r.pampolini@agrimaster.eu
r.vanzini@agrimaster.eu	r.vanzini@agrimaster.eu
r.vanzini@agrimaster.it	r.vanzini@agrimaster.eu
raffaella.q@olcomponents.com	raffaella.q@olmark.com
raffaella.q@olmark.com	raffaella.q@olmark.com
raffaella.q@olmark.eu	raffaella.q@olmark.com
raffaella.q@olmark.info	raffaella.q@olmark.com
raffaella.q@olmark.it	raffaella.q@olmark.com
raffaella.q@olmark.net	raffaella.q@olmark.com
raffaella.q@otap.info	raffaella.q@olmark.com
rburioli@viglienzone.it	rburioli@viglienzone.it
redazione@arginemaestro.org	redazione@arginemaestro.org
renato@studiovernelli.com	renato@vernelli.net
renato@studiovernelli.eu	renato@vernelli.net
renato@studiovernelli.info	renato@vernelli.net
renato@studiovernelli.it	renato@vernelli.net
renato@studiovernelli.net	renato@vernelli.net
renato@studiovernelli.org	renato@vernelli.net
renato@vernelli.consulting	renato@vernelli.net
renato@vernelli.eu	renato@vernelli.net
renato@vernelli.info	renato@vernelli.net
renato@vernelli.net	renato@vernelli.net
renato@vernelli.org	renato@vernelli.net
renato@vernelliconsulting.com	renato@vernelli.net
renato@vernelliconsulting.eu	renato@vernelli.net
renato@vernelliconsulting.info	renato@vernelli.net
renato@vernelliconsulting.it	renato@vernelli.net
renato@vernelliconsulting.net	renato@vernelli.net
renato@vernelliconsulting.org	renato@vernelli.net
rgiacomello@tuttestetica.com	rgiacomello@tuttestetica.com
rgiacomello@tuttestetica.it	rgiacomello@tuttestetica.com
rgovi@viglienzone.it	rgovi@viglienzone.it
rino@lucifero.net	rino@lucifero.net
risum@olcomponents.com	risum@olmark.com
risum@olmark.com	risum@olmark.com
risum@olmark.eu	risum@olmark.com
risum@olmark.info	risum@olmark.com
risum@olmark.it	risum@olmark.com
risum@olmark.net	risum@olmark.com
risum@otap.info	risum@olmark.com
rita@marplast.it	rita@marplast.it
rita@marplast.org	rita@marplast.it
riunioni@viglienzone.it	riunioni@viglienzone.it
rmafolino@viglienzone.it	rmafolino@viglienzone.it
roberta@sp3.it	roberta@sp3.it
roberto.leva@marplast.it	roberto.leva@marplast.it
roberto.leva@marplast.org	roberto.leva@marplast.it
root@cander.rete.us	luigi@italmedia.net
root@lucifero.net	luigi@italmedia.net
root@rete.us	luigi@italmedia.net
rparesini@viglienzone.it	rparesini@viglienzone.it
rpili@tuttestetica.com	rpili@tuttestetica.com
rpili@tuttestetica.it	rpili@tuttestetica.com
rriccardi@tuttestetica.com	rriccardi@tuttestetica.com
rriccardi@tuttestetica.it	rriccardi@tuttestetica.com
rrossi@tuttestetica.com	rrossi@tuttestetica.com
rrossi@tuttestetica.it	rrossi@tuttestetica.com
rsolda@viglienzone.it	rsolda@viglienzone.it
rsuprani@viglienzone.it	rsuprani@viglienzone.it
rvernelli@studiovernelli.com	rvernelli@vernelli.net
rvernelli@studiovernelli.eu	rvernelli@vernelli.net
rvernelli@studiovernelli.info	rvernelli@vernelli.net
rvernelli@studiovernelli.it	rvernelli@vernelli.net
rvernelli@studiovernelli.net	rvernelli@vernelli.net
rvernelli@studiovernelli.org	rvernelli@vernelli.net
rvernelli@vernelli.consulting	rvernelli@vernelli.net
rvernelli@vernelli.eu	rvernelli@vernelli.net
rvernelli@vernelli.info	rvernelli@vernelli.net
rvernelli@vernelli.net	rvernelli@vernelli.net
rvernelli@vernelli.org	rvernelli@vernelli.net
rvernelli@vernelliconsulting.com	rvernelli@vernelli.net
rvernelli@vernelliconsulting.eu	rvernelli@vernelli.net
rvernelli@vernelliconsulting.info	rvernelli@vernelli.net
rvernelli@vernelliconsulting.it	rvernelli@vernelli.net
rvernelli@vernelliconsulting.net	rvernelli@vernelli.net
rvernelli@vernelliconsulting.org	rvernelli@vernelli.net
s.addezio@agrimaster.eu	s.addezio@agrimaster.eu
s.addezio@agrimaster.it	s.addezio@agrimaster.eu
s.aroldi@olcomponents.com	s.aroldi@olmark.com
s.aroldi@olmark.com	s.aroldi@olmark.com
s.aroldi@olmark.eu	s.aroldi@olmark.com
s.aroldi@olmark.info	s.aroldi@olmark.com
s.aroldi@olmark.it	s.aroldi@olmark.com
s.aroldi@olmark.net	s.aroldi@olmark.com
s.aroldi@otap.info	s.aroldi@olmark.com
samples@dermo28.asia	samples@dermo28.com
samples@dermo28.cn	samples@dermo28.com
samples@dermo28.co.uk	samples@dermo28.com
samples@dermo28.com	samples@dermo28.com
samples@dermo28.it	samples@dermo28.com
samples@dermo28.tw	samples@dermo28.com
samples@murad.it	samples@murad.it
sandro@philstudium.com	sandro@philstudium.com
sandro@rsi-italia.com	sandro@rsi-italia.com
sbarchi@viglienzone.it	sbarchi@viglienzone.it
sbigi@tuttestetica.com	sbigi@tuttestetica.com
sbigi@tuttestetica.it	sbigi@tuttestetica.com
sbongiorno@tuttestetica.com	sbongiorno@tuttestetica.com
sbongiorno@tuttestetica.it	sbongiorno@tuttestetica.com
scanner@tuttestetica.com	scanner@tuttestetica.com
scanner@tuttestetica.it	scanner@tuttestetica.com
scanner@viglienzone.it	scanner@viglienzone.it
scantobelli@tuttestetica.com	scantobelli@tuttestetica.com
scantobelli@tuttestetica.it	scantobelli@tuttestetica.com
segreteria@asilodipieve.com	segreteria@asilodipieve.com
segreteria@avvocatofranchi.com	info@avvocatofranchi.com
segreteria@fismemiliaromagna.it	segreteria@fismemiliaromagna.it
segreteria@fondazioneluciodalla.com	segreteria@fondazioneluciodalla.it
segreteria@fondazioneluciodalla.it	segreteria@fondazioneluciodalla.it
segreteria@paeseinfesta.com	segreteria@paeseinfesta.com
segreteria@restaurodelduomo.org	segreteria@restaurodelduomo.org
segreteria@studiovernelli.com	segreteria@vernelli.net
segreteria@studiovernelli.eu	segreteria@vernelli.net
segreteria@studiovernelli.info	segreteria@vernelli.net
segreteria@studiovernelli.it	segreteria@vernelli.net
segreteria@studiovernelli.net	segreteria@vernelli.net
segreteria@studiovernelli.org	segreteria@vernelli.net
segreteria@tuttestetica.com	segreteria@tuttestetica.com
segreteria@tuttestetica.it	segreteria@tuttestetica.com
segreteria@vernelli.consulting	segreteria@vernelli.net
segreteria@vernelli.eu	segreteria@vernelli.net
segreteria@vernelli.info	segreteria@vernelli.net
segreteria@vernelli.net	segreteria@vernelli.net
segreteria@vernelli.org	segreteria@vernelli.net
segreteria@vernelliconsulting.com	segreteria@vernelli.net
segreteria@vernelliconsulting.eu	segreteria@vernelli.net
segreteria@vernelliconsulting.info	segreteria@vernelli.net
segreteria@vernelliconsulting.it	segreteria@vernelli.net
segreteria@vernelliconsulting.net	segreteria@vernelli.net
segreteria@vernelliconsulting.org	segreteria@vernelli.net
sem@marplast.it	sem@marplast.it
sem@marplast.org	sem@marplast.it
service@mpintralogistic.com	service@mpintralogistic.it
service@mpintralogistic.eu	service@mpintralogistic.it
service@mpintralogistic.it	service@mpintralogistic.it
servizioclienti@tuttestetica.com	servizioclienti@tuttestetica.com
servizioclienti@tuttestetica.it	servizioclienti@tuttestetica.com
sferlini@tuttestetica.com	sferlini@tuttestetica.com
sferlini@tuttestetica.it	sferlini@tuttestetica.com
sgiroldi@tuttestetica.com	sgiroldi@tuttestetica.com
sgiroldi@tuttestetica.it	sgiroldi@tuttestetica.com
shira@sp3.it	shira@sp3.it
shop@italmedia.com	drawing@italmedia.net
shop@italmedia.net	drawing@italmedia.net
sicurezza@studiovernelli.com	sicurezza@vernelli.net
sicurezza@studiovernelli.eu	sicurezza@vernelli.net
sicurezza@studiovernelli.info	sicurezza@vernelli.net
sicurezza@studiovernelli.it	sicurezza@vernelli.net
sicurezza@studiovernelli.net	sicurezza@vernelli.net
sicurezza@studiovernelli.org	sicurezza@vernelli.net
sicurezza@vernelli.consulting	sicurezza@vernelli.net
sicurezza@vernelli.eu	sicurezza@vernelli.net
sicurezza@vernelli.info	sicurezza@vernelli.net
sicurezza@vernelli.net	sicurezza@vernelli.net
sicurezza@vernelli.org	sicurezza@vernelli.net
sicurezza@vernelliconsulting.com	sicurezza@vernelli.net
sicurezza@vernelliconsulting.eu	sicurezza@vernelli.net
sicurezza@vernelliconsulting.info	sicurezza@vernelli.net
sicurezza@vernelliconsulting.it	sicurezza@vernelli.net
sicurezza@vernelliconsulting.net	sicurezza@vernelli.net
sicurezza@vernelliconsulting.org	sicurezza@vernelli.net
simone.baroncini@fondazioneluciodalla.com	simone.baroncini@fondazioneluciodalla.it
simone.baroncini@fondazioneluciodalla.it	simone.baroncini@fondazioneluciodalla.it
simone.bassoli@marplast.it	simone.bassoli@marplast.it
simone.bassoli@marplast.org	simone.bassoli@marplast.it
simone.torreggiani@fgpartners.it	simone.torreggiani@fgpartners.it
simonetorreggiani@fgpartners.it	simone.torreggiani@fgpartners.it
sma@marplast.it	sma@marplast.it
sma@marplast.org	sma@marplast.it
smusio@viglienzone.it	smusio@viglienzone.it
soc.agr.bedogni@sp3.it	soc.agr.bedogni@sp3.it
sonia@roomie.it	sonia@roomie.it
spam@italmedia.com	spam@italmedia.net
spam@italmedia.net	spam@italmedia.net
spam@viglienzone.it	spam@viglienzone.it
sped1@viglienzone.it	sped1@viglienzone.it
sped2@viglienzone.it	sped2@viglienzone.it
spedizioni@olcomponents.com	spedizioni@olmark.com
spedizioni@olmark.com	spedizioni@olmark.com
spedizioni@olmark.eu	spedizioni@olmark.com
spedizioni@olmark.info	spedizioni@olmark.com
spedizioni@olmark.it	spedizioni@olmark.com
spedizioni@olmark.net	spedizioni@olmark.com
spedizioni@otap.info	spedizioni@olmark.com
sperillo@studiovernelli.com	sperillo@vernelli.net
sperillo@studiovernelli.eu	sperillo@vernelli.net
sperillo@studiovernelli.info	sperillo@vernelli.net
sperillo@studiovernelli.it	sperillo@vernelli.net
sperillo@studiovernelli.net	sperillo@vernelli.net
sperillo@studiovernelli.org	sperillo@vernelli.net
sperillo@vernelli.consulting	sperillo@vernelli.net
sperillo@vernelli.eu	sperillo@vernelli.net
sperillo@vernelli.info	sperillo@vernelli.net
sperillo@vernelli.net	sperillo@vernelli.net
sperillo@vernelli.org	sperillo@vernelli.net
sperillo@vernelliconsulting.com	sperillo@vernelli.net
sperillo@vernelliconsulting.eu	sperillo@vernelli.net
sperillo@vernelliconsulting.info	sperillo@vernelli.net
sperillo@vernelliconsulting.it	sperillo@vernelli.net
sperillo@vernelliconsulting.net	sperillo@vernelli.net
sperillo@vernelliconsulting.org	sperillo@vernelli.net
sporcu@tuttestetica.com	sporcu@tuttestetica.com
sporcu@tuttestetica.it	sporcu@tuttestetica.com
sposi@fotomaretti.com	sposi@fotomaretti.com
sposi@fotomaretti.net	sposi@fotomaretti.com
srossi@viglienzone.it	srossi@viglienzone.it
stampa@fotoartnonsolofoto.com	stampa@fotoartnonsolofoto.com
stats@italmedia.com	drawing@italmedia.net
stats@italmedia.net	drawing@italmedia.net
stefania.amaini@marplast.it	stefania.amaini@marplast.it
stefania.amaini@marplast.org	stefania.amaini@marplast.it
stefano.caracchi@fondazioneluciodalla.com	stefano.caracchi@fondazioneluciodalla.it
stefano.caracchi@fondazioneluciodalla.it	stefano.caracchi@fondazioneluciodalla.it
stefano@marplast.it	stefano@marplast.it
stefano@marplast.org	stefano@marplast.it
stella.caracchi@fondazioneluciodalla.com	stella.caracchi@fondazioneluciodalla.it
stella.caracchi@fondazioneluciodalla.it	stella.caracchi@fondazioneluciodalla.it
stella.caracchi@pressingline.it	stella.caracchi@pressingline.it
store@italmedia.com	drawing@italmedia.net
store@italmedia.net	drawing@italmedia.net
storreggiani@tuttestetica.com	storreggiani@tuttestetica.com
storreggiani@tuttestetica.it	storreggiani@tuttestetica.com
support@antibay.it	antiebayer@gmail.com
support@antiebay.it	antiebayer@gmail.com
support@italmedia.com	drawing@italmedia.net
support@italmedia.net	drawing@italmedia.net
supporto@azetapet.com	supporto@azetapet.com
supporto@azetapet.eu	supporto@azetapet.com
supporto@azetapet.it	supporto@azetapet.com
supporto@azetapet.net	supporto@azetapet.com
supporto@azetapet.org	supporto@azetapet.com
sve@marplast.it	sve@marplast.it
sve@marplast.org	sve@marplast.it
svetlana.gopleac@ferval.com	svetlana.gopleac@ferval.com
svetlana.gopleac@ferval.it	svetlana.gopleac@ferval.com
tcigana@tuttestetica.com	tcigana@tuttestetica.com
tcigana@tuttestetica.it	tcigana@tuttestetica.com
team@antibay.it	antiebayer@gmail.com
team@antiebay.it	antiebayer@gmail.com
tecnico@agrimaster.eu	tecnico@agrimaster.eu
tecnico@agrimaster.it	tecnico@agrimaster.eu
tecnico@olcomponents.com	tecnico@olmark.com
tecnico@olmark.com	tecnico@olmark.com
tecnico@olmark.eu	tecnico@olmark.com
tecnico@olmark.info	tecnico@olmark.com
tecnico@olmark.it	tecnico@olmark.com
tecnico@olmark.net	tecnico@olmark.com
tecnico@otap.info	tecnico@olmark.com
tecno@sogienergy.net	tecno@sogienergy.net
tesa@arginemaestro.org	tesa@arginemaestro.org
tigrotti@bagnolocalcioa5.com	tigrotti@bagnolocalcioa5.com
tigrotti@bagnolocalcioa5.it	tigrotti@bagnolocalcioa5.com
tiziano.cocchi@ferval.com	tiziano.cocchi@ferval.com
tiziano.cocchi@ferval.it	tiziano.cocchi@ferval.com
toptul@ferval.com	toptul@ferval.com
toptul@ferval.it	toptul@ferval.com
transfer.ra@viglienzone.it	transfer.ra@viglienzone.it
trasporti@vglgroup.it	trasporti@vglgroup.it
trasporti@viglienzone.it	trasporti@viglienzone.it
uber@lucifero.net	uber@lucifero.net
uffici@pressingline.it	uffici@pressingline.it
ufficioesecuzione@viglienzone.it	ufficioesecuzione@viglienzone.it
ugc@olcomponents.com	ugc@olmark.com
ugc@olmark.com	ugc@olmark.com
ugc@olmark.eu	ugc@olmark.com
ugc@olmark.info	ugc@olmark.com
ugc@olmark.it	ugc@olmark.com
ugc@olmark.net	ugc@olmark.com
ugc@otap.info	ugc@olmark.com
under21@bagnolocalcioa5.com	under21@bagnolocalcioa5.com
under21@bagnolocalcioa5.it	under21@bagnolocalcioa5.com
v.rossi@agrimaster.eu	v.rossi@agrimaster.eu
v.rossi@agrimaster.it	v.rossi@agrimaster.eu
valentina.bartoli@ferval.com	valentina.bartoli@ferval.com
valentina.bartoli@ferval.it	valentina.bartoli@ferval.com
vbendoni@viglienzone.it	vbendoni@viglienzone.it
vbolgan@viglienzone.it	vbolgan@viglienzone.it
venezia@viglienzone.it	venezia@viglienzone.it
verifica@antibay.it	antiebayer@gmail.com
verifica@antiebay.it	antiebayer@gmail.com
verify@antibay.it	antiebayer@gmail.com
verify@antiebay.it	antiebayer@gmail.com
vezzani@marplast.it	vezzani@marplast.it
vezzani@marplast.org	vezzani@marplast.it
vgledp@viglienzone.it	vgledp@viglienzone.it
video@fotomaretti.com	video@fotomaretti.com
video@fotomaretti.net	video@fotomaretti.com
viglienzone-spam@arch.italmedia.net	viglienzone-spam@arch.italmedia.net
viglienzoneve@viglienzone.it	viglienzoneve@viglienzone.it
vincenzo.rossi@ferval.com	vincenzo.rossi@ferval.com
vincenzo.rossi@ferval.it	vincenzo.rossi@ferval.com
vmazzotti@viglienzone.it	vmazzotti@viglienzone.it
vmuller@tuttestetica.com	vmuller@tuttestetica.com
vmuller@tuttestetica.it	vmuller@tuttestetica.com
vsabbioni@tuttestetica.com	vsabbioni@tuttestetica.com
vsabbioni@tuttestetica.it	vsabbioni@tuttestetica.com
webrsoll@marplast.it	webrsoll@marplast.it
webrsoll@marplast.org	webrsoll@marplast.it
wordpress@pressingline.it	wordpress@pressingline.it
xreport@marplast.it	xreport@marplast.it
xreport@marplast.org	xreport@marplast.it
